{"name":"c7efc810-c864-4c79-a683-716c402f5e7b","id":"/providers/Microsoft.Flow/flows/c7efc810-c864-4c79-a683-716c402f5e7b","type":"Microsoft.Flow/flows","properties":{"apiId":"/providers/Microsoft.PowerApps/apis/shared_logicflows","displayName":"GET_API_CNPJ","definition":{"metadata":{"workflowEntityId":null,"processAdvisorMetadata":null,"flowChargedByPaygo":null,"flowclientsuspensionreason":"None","flowclientsuspensiontime":null,"flowclientsuspensionreasondetails":null,"creator":{"id":"8edda0e3-006e-4add-a081-84c03eafe943","type":"User","tenantId":"5770a81a-6d20-49cc-ab1c-ab23846736b0"},"provisioningMethod":"FromDefinition","failureAlertSubscription":true,"clientLastModifiedTime":"2024-11-08T02:14:29.6189625Z","connectionKeySavedTimeKey":"2024-11-08T02:14:29.6189625Z"},"$schema":"https://schema.management.azure.com/providers/Microsoft.Logic/schemas/2016-06-01/workflowdefinition.json#","contentVersion":"undefined","parameters":{"$authentication":{"defaultValue":{},"type":"SecureObject"},"$connections":{"defaultValue":{},"type":"Object"}},"triggers":{"manual":{"metadata":{"operationMetadataId":"671cc976-5036-47a1-a7d3-c79f706a73b5"},"type":"Request","kind":"Button","inputs":{"schema":{"type":"object","properties":{"text":{"description":"Insira sua entrada","title":"CNPJ","type":"string","x-ms-content-hint":"TEXT","x-ms-dynamically-added":true}},"required":["text"]}}}},"actions":{"HTTP":{"runAfter":{"CNPJ":["Succeeded"]},"metadata":{"operationMetadataId":"40d963b5-6802-4ff9-87c2-f32be260bcd4"},"type":"Http","inputs":{"uri":"https://consulta-cnpj-gratis.p.rapidapi.com/office/@{outputs('CNPJ')}","method":"GET","headers":{"X-RapidAPI-Key":"","X-RapidAPI-Host":"consulta-cnpj-gratis.p.rapidapi.com"}},"description":"Obtenha a chave API em https://docs.rapidapi.com/","runtimeConfiguration":{"contentTransfer":{"transferMode":"Chunked"}}},"Compor":{"runAfter":{"HTTP":["Succeeded"]},"metadata":{"operationMetadataId":"2f293a71-5999-4120-883d-c4e0b3d8ce01"},"type":"Compose","inputs":"@body('HTTP')"},"Analisar_JSON":{"runAfter":{"Compor":["Succeeded"]},"metadata":{"operationMetadataId":"2e754efb-0ee3-4891-b959-a407525b6993"},"type":"ParseJson","inputs":{"content":"@outputs('Compor')","schema":{"type":"object","properties":{"updated":{"type":"string"},"taxId":{"type":"string"},"company":{"type":"object","properties":{"id":{"type":"integer"},"name":{"type":"string"},"jurisdiction":{"type":"string"},"nature":{"type":"object","properties":{"id":{"type":"integer"},"text":{"type":"string"}}},"size":{"type":"object","properties":{"id":{"type":"integer"},"acronym":{"type":"string"},"text":{"type":"string"}}},"members":{"type":"array"}}},"alias":{"type":"string"},"founded":{"type":"string"},"head":{"type":"boolean"},"statusDate":{"type":"string"},"status":{"type":"object","properties":{"id":{"type":"integer"},"text":{"type":"string"}}},"address":{"type":"object","properties":{"municipality":{"type":"integer"},"street":{"type":"string"},"number":{"type":"string"},"district":{"type":"string"},"city":{"type":"string"},"state":{"type":"string"},"zip":{"type":"string"},"country":{"type":"object","properties":{"id":{"type":"integer"},"name":{"type":"string"}}}}},"phones":{"type":"array","items":{"type":"object","properties":{"area":{"type":"string"},"number":{"type":"string"}},"required":["area","number"]}},"emails":{"type":"array","items":{"type":"object","properties":{"address":{"type":"string"},"domain":{"type":"string"}},"required":["address","domain"]}},"mainActivity":{"type":"object","properties":{"id":{"type":"integer"},"text":{"type":"string"}}},"sideActivities":{"type":"array"}}}}},"CNPJ":{"runAfter":{},"metadata":{"operationMetadataId":"94625a29-0028-4b27-97aa-595e12f010da"},"type":"Compose","inputs":"@replace(replace(replace(triggerBody()?['text'], '.', ''), '/', ''), '-', '')\r\n"},"Compor_table":{"runAfter":{"Analisar_JSON":["Succeeded"]},"metadata":{"operationMetadataId":"c976f51d-5c15-4d9a-94ec-b6d82d5059c6"},"type":"Compose","inputs":"@array(body('Analisar_JSON'))"},"Compor_table_format":{"runAfter":{"Criar_Tabela_HTML":["Succeeded"]},"metadata":{"operationMetadataId":"3e82746e-7bc3-4f5e-9f51-e333a0f4c2c6"},"type":"Compose","inputs":"<style>\ntable {\nwidth: 100%;\nbackground-color: #FFFFFF;\nborder-collapse: collapse;\nborder-width: 2px;\nborder-color: #7EA8F8;\nborder-style: solid;\ncolor: #000000;\ntext-align: center;\n}\ntable td, table th {\nborder-width: 2px;\nborder-color: #7EA8F8;\nborder-style: solid;\npadding: 5px;\n}\ntable thead {\nbackground-color: #DEDEDE;\n}\ntable thead td {\nwhite-space: nowrap; \n}\n\n</style>@{body('Criar_Tabela_HTML')}"},"destino_mail":{"runAfter":{"Compor_table_format":["Succeeded"]},"metadata":{"operationMetadataId":"c86f31f7-44b3-4f9f-ad19-74ebe12f762c"},"type":"Compose","inputs":"emaildestinatario@empresa.com","description":"altere para seu e-mail destino"},"Enviar_um_email_(V2)":{"runAfter":{"destino_mail":["Succeeded"]},"metadata":{"operationMetadataId":"f939ff99-f250-40cc-9b37-f9dae2160e31"},"type":"OpenApiConnection","inputs":{"parameters":{"emailMessage/To":"@outputs('destino_mail')","emailMessage/Subject":"Tabela CNPJ @{outputs('ComporCNPJ')}","emailMessage/Body":"<p>Olá, seguem os dados solicitados:</p><br><p>@{outputs('Compor_table_format')}</p>","emailMessage/Importance":"Normal"},"host":{"apiId":"/providers/Microsoft.PowerApps/apis/shared_office365","connectionName":"shared_office365","operationId":"SendEmailV2"},"authentication":{"value":"@json(decodeBase64(triggerOutputs().headers['X-MS-APIM-Tokens']))['$ConnectionKey']","type":"Raw"}}},"Criar_Tabela_HTML":{"runAfter":{"ComporCNPJ":["Succeeded"]},"metadata":{"operationMetadataId":"cb870ca4-4e68-402f-97ca-646586d1db91"},"type":"Table","inputs":{"from":"@outputs('Compor_table')","format":"HTML","columns":[{"header":"CNPJ","value":"@outputs('ComporCNPJ')"},{"header":"Empresa","value":"@concat(body('Analisar_JSON')?['company']?['id'],' - ',body('Analisar_JSON')?['company']?['name'])"},{"header":"Enquadramento de Porte\t","value":"@concat(body('Analisar_JSON')?['company']?['size']?['acronym'],' - ',body('Analisar_JSON')?['company']?['size']?['text'])"},{"header":"Status","value":"@concat(body('Analisar_JSON')?['status']?['text'],' - ',formatDateTime(body('Analisar_JSON')?['statusDate'],'dd/MM/yyyy','pt-BR'))"},{"header":"Endereço","value":"@concat(body('Analisar_JSON')?['address']?['street'], ' - ',body('Analisar_JSON')?['address']?['number'],' - ',body('Analisar_JSON')?['address']?['city'],' - ',body('Analisar_JSON')?['address']?['state'],' - CEP ',body('Analisar_JSON')?['address']?['zip'])"}]}},"ComporCNPJ":{"runAfter":{"Compor_table":["Succeeded"]},"metadata":{"operationMetadataId":"2dca9532-7c38-4772-975e-73ab4fabcb07"},"type":"Compose","inputs":"@concat(substring(body('Analisar_JSON')?['taxId'], 0, 2) , '.' , substring(body('Analisar_JSON')?['taxId'], 2, 3) , '.' , substring(body('Analisar_JSON')?['taxId'], 5, 3) , '/' , substring(body('Analisar_JSON')?['taxId'], 8, 4) , '-' , substring(body('Analisar_JSON')?['taxId'], 12, 2))","description":"Realizada concatenação para remontar o CNPJ formatado"}}},"connectionReferences":{"shared_office365":{"connectionName":"63d7114d679a4e91b50e2fc3108a1148","source":"Invoker","id":"/providers/Microsoft.PowerApps/apis/shared_office365","tier":"NotSpecified"}},"flowFailureAlertSubscribed":false,"isManaged":false}}